PLAYER,TEAM,AGE,HEIGHT_EXCEL_ERROR,WEIGHT,COLLEGE,COUNTRY,DRAFT YEAR,DRAFT ROUND,DRAFT NUMBER,GP,PTS,REB,AST,NETRTG,OREB%,DREB%,USG%,TS%,AST%,HEIGHT_unformatted,HEIGHT
A.J. Lawson,DAL,23,6-Jun,179,South Carolina,Canada,Undrafted,Undrafted,Undrafted,8,3.1,0.5,0.4,13.2,3.4,3.6,20.6,48.5,7.7,6-6,78
AJ Green,MIL,24,4-Jun,190,Northern Iowa,USA,Undrafted,Undrafted,Undrafted,18,3.4,0.8,0.7,7.6,2.4,7.5,13.2,64.3,10.8,6-4,76
AJ Griffin,ATL,20,6-Jun,220,Duke,USA,2022,1,16,12,2.5,1,0.3,-10.7,1.7,10.2,13.8,43,4.7,6-6,78
Aaron Gordon,DEN,28,8-Jun,235,Arizona,USA,2014,1,4,23,13,7.2,3.6,5.5,8.6,13,17.8,53.2,14.8,6-8,80
Aaron Holiday,HOU,27,Jun-00,185,UCLA,USA,2018,1,23,21,6.8,1.9,1.9,6.5,1.5,8,14.5,58.3,15.4,6-1,73
Aaron Nesmith,IND,24,6-Jun,215,Vanderbilt,USA,2020,1,14,23,11.5,3.1,1,-1.4,3.9,8.8,15.4,66,5,6-6,78
Aaron Wiggins,OKC,24,5-Jun,190,Maryland,USA,2021,2,55,22,5.2,2,0.7,4.4,5.2,10.5,15.1,72,8.6,6-5,77
Admiral Schofield,ORL,26,5-Jun,241,Tennessee,United Kingdom,2019,2,42,8,0.9,0.6,0.3,-6.2,0,15.6,21.7,32.2,13.3,6-5,77
Al Horford,BOS,37,9-Jun,240,Florida,Dominican Republic,2007,1,3,22,7.4,6.9,2.7,9.3,6.5,18,11.2,62,13.6,6-9,81
Alec Burks,DET,32,5-Jun,214,Colorado,USA,2011,1,12,19,9.4,2.2,1.4,-12.6,2.5,9.4,21.1,52.7,12.4,6-5,77
Aleksej Pokusevski,OKC,21,Jul-00,210,None,Serbia,2020,1,17,7,0.9,1.1,0.7,-31.2,4.3,18.2,15.2,25.3,16.7,7-1,85
Alex Caruso,CHI,29,5-Jun,186,Texas A&M,USA,Undrafted,Undrafted,Undrafted,22,9.4,3.3,2.3,-3.1,4.8,9.6,15.4,68.2,15.4,6-5,77
Alex Fudge,LAL,20,8-Jun,200,Florida,USA,Undrafted,Undrafted,Undrafted,4,1,0.5,0,-77.3,13.3,0,21.1,29.1,0,6-8,80
Alex Len,SAC,30,Jul-00,250,Maryland,Ukraine,2013,1,5,6,2.5,2.7,0.8,19,14.9,22.5,12.3,67.7,15.2,7-1,85
Alperen Sengun,HOU,21,11-Jun,243,None,Turkey,2021,1,16,23,19.7,9,5.2,5.2,7.7,19,26.6,57.6,26.4,6-11,83
Amari Bailey,CHA,19,3-Jun,185,UCLA,USA,2023,2,41,2,2.5,1,0,-1.4,20,0,29.6,36.3,0,6-3,75
Amen Thompson,HOU,20,7-Jun,200,None,USA,2023,1,4,5,5.4,3.2,1.4,-9.4,3.4,19.1,18.8,49.1,13.5,6-7,79
Amir Coffey,LAC,26,7-Jun,210,Minnesota,USA,Undrafted,Undrafted,Undrafted,14,2.5,1.1,0.4,0.9,2.9,9.4,11.4,49.9,5.8,6-7,79
Andre Drummond,CHI,30,11-Jun,279,Connecticut,USA,2012,1,9,28,6,6.8,0.5,-1.5,19.5,30.5,20.7,53.4,6.3,6-11,83
Andre Jackson Jr.,MIL,22,6-Jun,209,Connecticut,USA,2023,2,36,20,2.8,1.8,0.9,-1.3,8.1,9.5,9.6,72.4,11.3,6-6,78
Andrew Nembhard,IND,23,4-Jun,191,Gonzaga,Canada,2022,2,31,17,7,1.7,4.1,4.3,2.7,6.3,18.2,50.4,27.5,6-4,76
Andrew Wiggins,GSW,28,7-Jun,197,Kansas,Canada,2014,1,1,24,12.6,4.5,1.1,-8.4,6.5,9.5,22,50.2,6.5,6-7,79
Anfernee Simons,POR,24,3-Jun,193,None,USA,2018,1,24,7,25.7,3,5.6,-14.1,2.2,6.8,29,59.3,28.9,6-3,75
Anthony Black,ORL,19,7-Jun,200,Arkansas,USA,2023,1,6,23,5.2,2.5,1.6,4.7,3.3,9.3,11.3,57,10.8,6-7,79
Anthony Davis,LAL,30,10-Jun,253,Kentucky,USA,2012,1,1,24,23.9,12.5,3,3.6,10.3,22.9,25.5,61.1,13.3,6-10,82
Anthony Edwards,MIN,22,4-Jun,225,Georgia,USA,2020,1,1,21,24.2,5.3,5.1,13.2,2.2,12.2,31.1,56.5,23.6,6-4,76
Anthony Gill,WAS,31,8-Jun,230,Virginia,USA,Undrafted,Undrafted,Undrafted,16,2.3,1.4,0.4,17.9,8.9,13.7,17.9,54.2,8.8,6-8,80
Armoni Brooks,BKN,25,3-Jun,195,Houston,USA,2019,,,7,3.6,1.7,0.4,27.5,7.1,9.6,18.4,46.3,5.7,6-3,75
Ausar Thompson,DET,20,6-Jun,205,None,USA,2023,1,5,26,10.3,8.1,2.4,-13.8,9.1,20,17.8,51.2,12.8,6-6,78
Austin Reaves,LAL,25,5-Jun,197,Oklahoma,USA,Undrafted,Undrafted,Undrafted,26,14.8,4.8,4.9,-1.9,3.4,12.2,20.8,59.9,24.4,6-5,77
Ayo Dosunmu,CHI,23,5-Jun,200,Illinois,USA,2021,2,38,26,6.9,2.1,1.9,-3.8,2.6,7.4,14.2,57.5,13.2,6-5,77
Bam Adebayo,MIA,26,9-Jun,255,Kentucky,USA,2017,1,14,16,22.3,9.9,3.9,-1.7,6.2,24.6,27.9,58.9,20.4,6-9,81
Ben Sheppard,IND,22,6-Jun,190,Belmont,USA,2023,1,26,12,3.4,0.7,0.7,4.6,2.1,7.4,16.1,55.9,9.4,6-6,78
Ben Simmons,BKN,27,10-Jun,240,Louisiana State,Australia,2016,1,1,6,6.5,10.8,6.7,-7.1,8.1,23.9,11.8,51.6,26,6-10,82
Bennedict Mathurin,IND,21,5-Jun,210,Arizona,Canada,2022,1,6,25,14.2,3.8,2.2,-2.7,4.4,10.4,22.3,55.5,11.2,6-5,77
Bilal Coulibaly,WAS,19,8-Jun,195,None,France,2023,1,7,24,9.4,4.1,1.7,-8.9,2.7,12.7,14.1,63.3,8.3,6-8,80
Bismack Biyombo,MEM,31,8-Jun,255,None,DRC,2011,1,7,19,5.9,6.8,1.9,-4.6,8.8,17.9,11.2,57.5,10.5,6-8,80
Blake Wesley,SAS,20,3-Jun,185,Notre Dame,USA,2022,1,25,6,1.2,0.3,1,-61.1,2.5,6.3,15.4,39.4,60,6-3,75
Boban Marjanovic,HOU,35,4-Jul,290,None,Serbia,Undrafted,Undrafted,Undrafted,3,3.3,2.7,1,-11.9,11.1,30,19.6,53,18.8,7-4,88
Bobby Portis,MIL,28,10-Jun,250,Arkansas,USA,2015,1,22,26,12.3,6.6,1.1,6.7,6.9,20.2,20.1,57.8,6.2,6-10,82
Bogdan Bogdanovic,ATL,31,5-Jun,225,None,Serbia,2014,1,27,24,17.5,3.4,2.5,3.9,1.4,10.9,21.9,61.3,13,6-5,77
Bojan Bogdanovic,DET,34,7-Jun,226,None,Croatia,2011,2,31,7,20.6,2.3,2.6,-20.6,1.5,6.8,25.5,62.6,13.4,6-7,79
Bol Bol,PHX,24,3-Jul,220,Oregon,Sudan,2019,2,44,6,0.7,0.5,0,-53.4,0,20,14.3,66.7,0,7-3,87
Bones Hyland,LAC,23,2-Jun,169,Virginia Commonwealth,USA,2021,1,26,13,8.2,1.2,1.9,1.7,1,5.8,24,52.8,17.9,6-2,74
Bradley Beal,PHX,30,4-Jun,207,Florida,USA,2012,1,3,6,14.7,3.3,3.2,-14.1,1.9,11.4,26,55.3,23.8,6-4,76
Brandin Podziemski,GSW,20,4-Jun,205,Santa Clara,USA,2023,1,19,20,8.5,5,2.7,6.8,6,15.5,16.6,54.8,16.6,6-4,76
Brandon Boston Jr.,LAC,22,6-Jun,188,Kentucky,USA,2021,2,51,2,4.5,1,1,-30.5,0,14.3,26.7,64.3,33.3,6-6,78
Brandon Ingram,NOP,26,8-Jun,190,Duke,USA,2016,1,2,24,23.1,4.8,5.3,2.6,1.7,12.9,28.7,57.7,24.6,6-8,80
Brandon Miller,CHA,21,7-Jun,200,Alabama,USA,2023,1,2,22,14.8,4.1,2.3,-6.4,2.7,9.9,20.3,53.9,10.2,6-7,79
Braxton Key,DEN,26,8-Jun,225,Virginia,USA,Undrafted,Undrafted,Undrafted,6,0.5,0.5,0.8,-36.4,0,25,17.6,25.5,45.5,6-8,80
Brice Sensabaugh,UTA,20,5-Jun,235,Ohio State,USA,2023,1,28,1,0,2,0,40,25,33.3,28.6,0,0,6-5,77
Brook Lopez,MIL,35,1-Jul,282,Stanford,USA,2008,1,10,26,13.2,4.8,1.4,4.2,4.5,10,15.6,61.4,6.3,7-1,85
Bruce Brown,IND,27,4-Jun,202,Miami,USA,2018,2,42,25,12.1,4.6,2.8,1.6,2.5,13,15.9,55.4,10.6,6-4,76
Bruno Fernando,ATL,25,9-Jun,240,Maryland,Angola,2019,2,34,7,2.9,1.7,0.1,-9.3,12.8,24.1,25.3,53.6,4.8,6-9,81
Bryce McGowens,CHA,21,6-Jun,175,Nebraska,USA,2022,2,40,19,5,1.8,0.8,-13.4,1.9,8.9,12.4,59.6,6.8,6-6,78
Buddy Hield,IND,31,4-Jun,220,Oklahoma,Bahamas,2016,1,6,25,12.6,3,2.6,2.7,2.6,9.3,19.2,57.8,12.3,6-4,76
CJ McCollum,NOP,32,3-Jun,190,Lehigh,USA,2013,1,10,14,20.6,4,5.1,1.6,2.2,10,23.7,59,23.9,6-3,75
Cade Cunningham,DET,22,6-Jun,220,Oklahoma State,USA,2021,1,1,26,21.4,3.8,7,-11.8,1.3,9.9,29.7,51.8,32.1,6-6,78
Caleb Houstan,ORL,20,8-Jun,205,Michigan,Canada,2022,2,32,16,3.4,1.6,0.4,-6.3,3.6,11.3,10.8,66.9,6.4,6-8,80
Caleb Martin,MIA,28,5-Jun,205,Nevada,USA,Undrafted,Undrafted,Undrafted,16,12.6,5,2.4,2.9,5.2,14,20.7,53.2,12.4,6-5,77
Cam Reddish,LAL,24,7-Jun,217,Duke,USA,2019,1,10,21,7.1,2.8,1.3,2.7,2.5,8.6,12.7,54.8,6.7,6-7,79
Cam Thomas,BKN,22,3-Jun,210,Louisiana State,Japan,2021,1,27,16,23.9,3.3,2.3,-4.1,0.6,9.7,30.7,55.1,11,6-3,75
Cam Whitmore,HOU,19,7-Jun,230,Villanova,USA,2023,1,20,5,4,1.6,0.4,-20.2,2.9,24.1,28.6,51.5,10.5,6-7,79
Cameron Johnson,BKN,27,8-Jun,210,North Carolina,USA,2019,1,11,18,14.3,5.3,2.7,3.6,5.1,12.3,19.2,57.9,13.2,6-8,80
Cameron Payne,MIL,29,3-Jun,183,Murray State,USA,2015,1,14,26,6.3,1.2,2.5,0.6,0.2,6.9,15.7,59.4,19.4,6-3,75
Caris LeVert,CLE,29,6-Jun,205,Michigan,USA,2016,1,20,19,15.2,3.6,3.5,-0.5,1.7,10.2,22.8,51.5,16.7,6-6,78
Cason Wallace,OKC,20,3-Jun,195,Kentucky,USA,2023,1,10,24,7.2,2.3,1.4,7.5,2.6,7.3,11.1,70.7,7.8,6-3,75
Cedi Osman,SAS,28,7-Jun,230,None,Turkey,2015,2,31,25,8.5,2.4,1.8,-16.6,2.1,10.6,16.5,59,13.3,6-7,79
Charles Bassey,SAS,23,10-Jun,230,Western Kentucky,Nigeria,2021,2,53,19,3.3,4,1.1,-11.6,10.2,26.5,11,73.9,13.6,6-10,82
Charlie Brown Jr.,NYK,26,6-Jun,199,St. Joseph's (PA),USA,Undrafted,Undrafted,Undrafted,1,0,0,0,-56.7,0,0,60,0,0,6-6,78
Chet Holmgren,OKC,21,1-Jul,195,Gonzaga,USA,2022,1,2,24,16.9,8.1,2.4,8.6,6,18.5,21,63.7,11,7-1,85
Chimezie Metu,PHX,26,10-Jun,225,Southern California,USA,2018,2,49,16,4.2,1.9,0.4,-2.8,4.2,13.9,16.4,60.6,5.4,6-10,82
Chris Boucher,TOR,30,9-Jun,200,Oregon,Saint Lucia,Undrafted,Undrafted,Undrafted,23,6.4,3.7,0.3,0.5,7.5,17.5,17.6,56.6,3.4,6-9,81
Chris Duarte,SAC,26,5-Jun,190,Oregon,Dominican Republic,2021,1,13,21,4.1,1.8,0.9,0.4,1.4,12.8,14.9,50.6,8.5,6-5,77
Chris Livingston,MIL,20,6-Jun,220,Kentucky,USA,2023,2,58,5,1.4,1,0.2,4.1,6.3,16.7,10.6,87.5,5.9,6-6,78
Chris Paul,GSW,38,Jun-00,175,Wake Forest,USA,2005,1,4,23,8.5,3.6,7.4,2.8,1.1,11.4,14.4,51.7,36.9,6-1,73
Christian Braun,DEN,22,6-Jun,220,Kansas,USA,2022,1,21,27,8.9,3.9,1.8,-1.2,3.7,13.9,17.7,56.3,12.9,6-6,78
Christian Wood,LAL,28,8-Jun,214,UNLV,USA,Undrafted,Undrafted,Undrafted,24,7.4,6,1,0.8,5.3,22.6,16.9,55.2,6.7,6-8,80
Chuma Okeke,ORL,25,7-Jun,229,Auburn,USA,2019,1,16,12,1.1,1,0.3,-6.5,5.2,15,13.2,43.3,8.1,6-7,79
Clint Capela,ATL,29,10-Jun,256,None,Switzerland,2014,1,25,24,11.5,10.5,1.1,-1.1,16.5,22.4,16.1,59.4,5.7,6-10,82
Coby White,CHI,23,5-Jun,195,North Carolina,USA,2019,1,7,28,17.5,4,4.9,-0.4,1.3,10.4,20.6,59.9,20.5,6-5,77
Cody Zeller,NOP,31,11-Jun,240,Indiana,USA,2013,1,4,21,1.8,3,1.2,6.9,9.8,17.4,10.5,39.7,14.8,6-11,83
Colby Jones,SAC,21,6-Jun,207,Xavier,USA,2023,2,34,10,2.9,1.4,0.2,-11.8,7.5,11.1,19.2,49.5,5.1,6-6,78
Cole Anthony,ORL,23,2-Jun,185,North Carolina,USA,2020,1,15,25,14.8,4.2,3.6,-0.6,4.1,12.7,24.3,58.2,22.5,6-2,74
Cole Swider,MIA,24,8-Jun,220,Syracuse,USA,Undrafted,Undrafted,Undrafted,3,5.3,0.3,1,5,0,3.3,21.4,57.1,15.8,6-8,80
Colin Castleton,LAL,23,10-Jun,250,Florida,USA,Undrafted,Undrafted,Undrafted,4,3,1.8,0.8,-20,11.5,16.7,14.5,67.6,18.8,6-10,82
Collin Gillespie,DEN,24,1-Jun,195,Villanova,USA,Undrafted,Undrafted,Undrafted,10,2,0.3,0.8,-2.2,0,4.2,12.4,51.4,11.6,6-1,73
Collin Sexton,UTA,24,3-Jun,190,Alabama,USA,2018,1,8,26,14.3,2.7,3.3,-5,3.8,8,25.1,59.7,24.4,6-3,75
Corey Kispert,WAS,24,6-Jun,224,Gonzaga,USA,2021,1,15,24,11.2,2.4,1.5,-12.5,1.7,8.1,18.3,60.3,9.2,6-6,78
Cory Joseph,GSW,32,2-Jun,200,Texas,Canada,2011,1,29,11,2,0.9,2.2,5.3,1.5,6.4,11.8,35.4,23.8,6-2,74
Craig Porter Jr.,CLE,23,1-Jun,180,Wichita State,USA,Undrafted,Undrafted,Undrafted,15,7.1,1.9,2.5,-6.8,2.1,10.8,22,57.9,27.4,6-1,73
D'Angelo Russell,LAL,27,3-Jun,193,Ohio State,USA,2015,1,2,25,16,3.2,6.4,1.9,1.2,8.8,21.8,58.2,29.7,6-3,75
D'Moi Hodge,LAL,24,3-Jun,188,Missouri,British Virgin Islands,Undrafted,Undrafted,Undrafted,7,2,0,0.7,-44.2,0,0,17.2,44.1,22.7,6-3,75
DaQuan Jeffries,NYK,26,5-Jun,222,Tulsa,USA,Undrafted,Undrafted,Undrafted,9,0.8,0.6,0.2,-5.4,0,16.1,18,35.4,11.8,6-5,77
Daishen Nix,MIN,21,3-Jun,226,None,USA,Undrafted,Undrafted,Undrafted,6,1.3,0.2,0,25.6,0,4.5,17.3,45,0,6-3,75
Dalano Banton,BOS,24,8-Jun,204,Nebraska,Canada,2021,2,46,12,2.8,2.1,0.4,-7,9.5,14.9,15.5,53.7,8.5,6-8,80
Dalen Terry,CHI,21,7-Jun,195,Arizona,USA,2022,1,18,12,1.3,1.3,0.8,-2.4,4.6,14.5,11.6,42.6,15.5,6-7,79
Damian Jones,CLE,28,10-Jun,245,Vanderbilt,USA,2016,1,30,11,0.8,1,0.3,-38.6,6.7,14.9,10.5,50.7,11.1,6-10,82
Damian Lillard,MIL,33,2-Jun,195,Weber State,USA,2012,1,6,24,25.8,4.5,7.1,6.1,1.7,10,27.2,61.5,28.2,6-2,74
Daniel Gafford,WAS,25,10-Jun,234,Arkansas,USA,2019,2,38,22,10.7,7.8,1.8,-7,10.8,17.5,14.1,70.9,8.9,6-10,82
Daniel Theis,LAC,31,8-Jun,245,None,Germany,Undrafted,Undrafted,Undrafted,16,6.5,3.9,0.8,5.5,9.7,12.2,17.6,50.2,6.8,6-8,80
Danilo Gallinari,WAS,35,10-Jun,236,None,Italy,2008,1,6,23,7.3,3,1.3,-8.7,3.1,16.6,18,58.9,12.3,6-10,82
Danny Green,PHI,36,6-Jun,215,North Carolina,USA,2009,2,46,2,0,1,0.5,-5.9,0,11.1,4.3,0,5.6,6-6,78
Dante Exum,DAL,28,5-Jun,214,None,Australia,2014,1,5,22,8.1,2.8,2.5,14.5,3.7,12.6,17.5,64.8,19.1,6-5,77
Danuel House Jr.,PHI,30,6-Jun,220,Texas A&M,USA,Undrafted,Undrafted,Undrafted,15,4.3,1.3,0.9,5.1,3.7,7.8,14.3,60.2,11.8,6-6,78
Dario Saric,GSW,29,10-Jun,225,None,Croatia,2014,1,12,26,10.6,5.8,2.2,4.4,7.2,19.3,19.4,60.8,15.3,6-10,82
Dariq Whitehead,BKN,19,6-Jun,220,Duke,USA,2023,1,22,1,1,0,0,-100,0,0,14.3,56.8,0,6-6,78
Darius Garland,CLE,23,1-Jun,192,Vanderbilt,USA,2019,1,5,20,20.7,2.8,5.9,4.1,1.8,6.1,27.1,57.3,26.5,6-1,73
David Roddy,MEM,22,4-Jun,255,Colorado State,USA,2022,1,23,24,8.4,4.4,1.3,-5.8,4,13.2,16.4,49,7.2,6-4,76
Davion Mitchell,SAC,25,Jun-00,202,Baylor,USA,2021,1,9,18,4.2,1,2.3,-18.4,0.7,6.3,14.7,45.9,23.6,6-1,73
Davis Bertans,OKC,31,10-Jun,225,None,Latvia,2011,2,42,9,3.9,0.9,0.8,12.3,1.4,10.3,14.2,68.4,11.5,6-10,82
Day'Ron Sharpe,BKN,22,9-Jun,265,North Carolina,USA,2021,1,29,25,6.5,6.8,1.1,9.5,15.5,24.5,17.6,56,9.7,6-9,81
De'Aaron Fox,SAC,25,3-Jun,185,Kentucky,USA,2017,1,5,18,30.1,4.4,6.4,4.3,2.3,9.8,32,58.6,29.2,6-3,75
De'Andre Hunter,ATL,26,8-Jun,221,Virginia,USA,2019,1,4,22,14.9,4.1,1.3,-1.4,2,11.8,18.3,60.1,5.6,6-8,80
De'Anthony Melton,PHI,25,3-Jun,200,Southern California,USA,2018,2,46,26,11.9,4,3.5,10.7,2.9,10.5,17.3,54,15.1,6-3,75
DeAndre Jordan,DEN,35,11-Jun,265,Texas A&M,USA,2008,2,35,11,5,5.2,1.1,-10.3,12.3,21.1,17.3,53.3,11.3,6-11,83
DeMar DeRozan,CHI,34,6-Jun,220,Southern California,USA,2009,1,9,26,22.2,3.6,5.2,-6,2.1,8.2,25.4,54.3,23.3,6-6,78
Dean Wade,CLE,27,9-Jun,228,Kansas State,USA,Undrafted,Undrafted,Undrafted,19,4.8,4.3,0.9,1.6,5.4,14.2,9.4,56.7,5.9,6-9,81
Deandre Ayton,POR,25,Jul-00,247,Arizona,Bahamas,2018,1,1,21,12.5,10.5,1.5,-10.4,9.9,24.6,17,59.3,7.6,7-1,85
Dejounte Murray,ATL,27,5-Jun,180,Washington,USA,2016,1,29,25,20,4.4,5.5,-0.9,2,11,23.8,54.3,23,6-5,77
Delon Wright,WAS,31,5-Jun,185,Utah,USA,2015,1,20,8,5,2.5,4.4,3.3,2.2,11.8,12.1,54,28,6-5,77
Deni Avdija,WAS,22,9-Jun,210,None,Israel,2020,1,9,25,11.6,5.5,3.9,-9.6,4,15.7,17.1,58.9,19.2,6-9,81
Dennis Schroder,TOR,30,1-Jun,175,None,Germany,2013,1,17,25,15,2.9,6.8,-2.2,1.5,7.7,20.5,53.5,29.5,6-1,73
Dennis Smith Jr.,BKN,26,3-Jun,205,North Carolina State,USA,2017,1,9,13,6.7,3,3.5,4,4.5,11.6,17.8,50.5,27.1,6-3,75
Dereck Lively II,DAL,19,1-Jul,230,Duke,USA,2023,1,12,23,8.9,7.7,1.1,5.6,10.8,18.5,12,72.8,5.7,7-1,85
Dereon Seabron,NOP,23,5-Jun,180,North Carolina State,USA,Undrafted,Undrafted,Undrafted,5,2.8,1.4,0.8,26.6,2.2,8.6,12.8,44.8,9.8,6-5,77
Derrick Jones Jr.,DAL,26,6-Jun,210,UNLV,USA,Undrafted,Undrafted,Undrafted,24,10,3.7,1,1.2,4.3,9.6,15.2,61.4,5.9,6-6,78
Derrick Rose,MEM,35,3-Jun,200,Memphis,USA,2008,1,1,15,9.1,2,3.5,-1.3,2.3,7.4,22.5,52.2,29.2,6-3,75
Derrick White,BOS,29,4-Jun,190,Colorado,USA,2017,1,29,22,15.3,4,5.1,13.4,2.3,9.2,18,64.7,20.6,6-4,76
Desmond Bane,MEM,25,5-Jun,215,TCU,USA,2020,1,30,23,24.9,4.7,5.2,-6.1,3,10.2,28.9,58.6,25.5,6-5,77
Devin Booker,PHX,27,6-Jun,206,Kentucky,USA,2015,1,13,17,28.1,5.8,8.3,7,2.8,12.3,30.7,61,37.9,6-6,78
Devin Vassell,SAS,23,5-Jun,200,Florida State,USA,2020,1,11,20,18.3,3.5,2.9,-6.1,1.4,9.7,22.9,59.5,15.6,6-5,77
Devonte' Graham,SAS,28,1-Jun,195,Kansas,USA,2018,2,34,5,3,0.6,3.2,-2.9,1.9,4.4,13.7,49.7,34.8,6-1,73
Dexter Dennis,DAL,24,5-Jun,210,Texas A&M,USA,Undrafted,Undrafted,Undrafted,2,2,1,0,-36.8,9.1,14.3,33.3,31.1,0,6-5,77
Dillon Brooks,HOU,27,6-Jun,225,Oregon,Canada,2017,2,45,23,14,3.7,1.7,2.8,2.5,8.5,19.1,58.9,7.7,6-6,78
Domantas Sabonis,SAC,27,10-Jun,240,Gonzaga,Lithuania,2016,1,11,24,18.5,12.3,7,-1.1,9.2,26.4,21.6,62.2,30.2,6-10,82
Dominick Barlow,SAS,20,9-Jun,215,None,USA,Undrafted,Undrafted,Undrafted,7,1.1,0.7,0,-15.8,0,17.2,10.7,45.7,0,6-9,81
Donovan Mitchell,CLE,27,3-Jun,215,Louisville,USA,2017,1,13,21,27.3,5.8,5.5,4.1,3.1,12.3,30.5,57.7,24.2,6-3,75
Donte DiVincenzo,NYK,26,4-Jun,203,Villanova,USA,2018,1,17,25,9.4,2.9,1.8,-2.9,3.3,11,16.9,61.3,11.9,6-4,76
Dorian Finney-Smith,BKN,30,7-Jun,220,Florida,USA,Undrafted,Undrafted,Undrafted,23,10.5,5.2,1.2,-3.9,6.5,9.8,13.2,62.2,5.6,6-7,79
Doug McDermott,SAS,31,6-Jun,225,Creighton,USA,2014,1,11,23,6.5,1.2,1.6,-16,1,5.8,14.4,63.3,12.9,6-6,78
Draymond Green,GSW,33,6-Jun,230,Michigan State,USA,2012,2,35,15,9.7,5.5,5.8,-6.7,5.4,16.1,16.4,61.9,33.9,6-6,78
Drew Eubanks,PHX,26,10-Jun,245,Oregon State,USA,Undrafted,Undrafted,Undrafted,25,6.6,4.3,1.2,-5.4,8,16,15.5,65.4,11.4,6-10,82
Dru Smith,MIA,25,2-Jun,203,Missouri,USA,Undrafted,Undrafted,Undrafted,9,4.3,1.6,1.6,-15,4.1,5.8,12.8,57.6,18.7,6-2,74
Duncan Robinson,MIA,29,7-Jun,215,Michigan,USA,Undrafted,Undrafted,Undrafted,24,14.7,2.7,3,1.9,1,8.2,18.9,63.9,15.3,6-7,79
Duop Reath,POR,27,9-Jun,245,Louisiana State,South Sudan,Undrafted,Undrafted,Undrafted,16,8.4,2.8,1.3,13.3,6,11.8,21.5,55.7,11.8,6-9,81
Dwight Powell,DAL,32,10-Jun,240,Stanford,Canada,2014,2,45,22,4.2,3.1,1.4,0.7,8.8,12.7,8.9,79.2,11.8,6-10,82
Dylan Windler,NYK,27,7-Jun,196,Belmont,USA,2019,1,26,3,1,0.3,0.3,51.8,0,7.1,11.8,75,25,6-7,79
Dyson Daniels,NOP,20,7-Jun,199,None,Australia,2022,1,8,27,6.4,4.4,3,1.3,4.2,13.2,13.4,47.2,15.8,6-7,79
E.J. Liddell,NOP,23,6-Jun,240,Ohio State,USA,2022,2,41,3,1.3,0.7,0,-29,0,18.2,25,41,0,6-6,78
Emoni Bates,CLE,19,8-Jun,170,Eastern Michigan,USA,2023,2,49,7,1.7,1.3,0.3,-52.9,1.8,16,14,37.8,6.3,6-8,80
Eric Gordon,PHX,34,3-Jun,215,Indiana,USA,2008,1,7,22,14.2,2,2.8,2.3,1.1,5,18.1,59.2,12.5,6-3,75
Eugene Omoruyi,WAS,26,6-Jun,235,Oregon,Nigeria,Undrafted,Undrafted,Undrafted,14,4.7,1.6,0.6,12,10.5,14.3,26.8,71,19,6-6,78
Evan Fournier,NYK,31,6-Jun,205,None,France,2012,1,20,1,2,1,1,15.6,0,6.7,16.2,16.7,7.7,6-6,78
Evan Mobley,CLE,22,11-Jun,215,Southern California,USA,2021,1,3,21,16,10.5,2.9,2.2,8,20.8,19.4,60.5,12.9,6-11,83
Filip Petrusev,SAC,23,11-Jun,225,Gonzaga,Serbia,2021,2,50,3,1,0.3,0,30,0,8.3,15,52.1,0,6-11,83
Franz Wagner,ORL,22,10-Jun,220,Michigan,Germany,2021,1,8,25,20,5.8,3.9,2.3,3.4,13.6,25.2,54.3,18.6,6-10,82
Fred VanVleet,HOU,29,Jun-00,197,Wichita State,USA,Undrafted,Undrafted,Undrafted,22,16.6,4.2,8.4,6,0.9,9.6,19.3,53.5,32.4,6-1,73
Furkan Korkmaz,PHI,26,7-Jun,202,None,Turkey,2016,1,26,18,2,0.5,0.6,10.6,0.7,6.1,13.3,47.4,11,6-7,79
GG Jackson,MEM,19,9-Jun,210,South Carolina,USA,2023,2,45,3,0,1,0,-6.3,9.1,50,26.3,0,0,6-9,81
Gabe Vincent,LAL,27,2-Jun,200,California-Santa Barbara,USA,Undrafted,Undrafted,Undrafted,4,6,1,3,2.9,1.7,1.7,11.4,41.6,15.2,6-2,74
Garrett Temple,TOR,37,5-Jun,195,Louisiana State,USA,Undrafted,Undrafted,Undrafted,6,1.8,0.3,0.5,28.6,0,9.5,12.8,93.5,27.3,6-5,77
Garrison Mathews,ATL,27,6-Jun,215,Lipscomb,USA,Undrafted,Undrafted,Undrafted,13,2.5,0.9,0.2,-13.6,1.4,8.7,8.7,71.7,2,6-6,78
Gary Harris,ORL,29,4-Jun,210,Michigan State,USA,2014,1,19,20,7.1,1.8,1.8,6.2,2.1,5.8,12.5,57.9,10.9,6-4,76
Gary Payton II,GSW,31,2-Jun,195,Oregon State,USA,Undrafted,Undrafted,Undrafted,14,5.9,3.1,0.9,4,5.6,11.6,13.9,55.4,8,6-2,74
Gary Trent Jr.,TOR,24,5-Jun,204,Duke,USA,2018,2,37,22,10.3,1.9,1.5,-0.4,0.9,6.5,18.5,48.7,8.1,6-5,77
Georges Niang,CLE,30,7-Jun,230,Iowa State,USA,2016,2,50,26,7.6,3.8,1.2,-3.5,1.8,14.5,15.6,51.4,7.6,6-7,79
Giannis Antetokounmpo,MIL,29,11-Jun,243,None,Greece,2013,1,15,25,31.4,11,5,7.7,8.1,22,32.8,65.5,24.1,6-11,83
Goga Bitadze,ORL,24,10-Jun,250,None,Georgia,2019,1,18,23,7.5,6.3,1.8,11.1,10.7,18.9,13.2,63.1,10.8,6-10,82
Gordon Hayward,CHA,33,7-Jun,225,Butler,USA,2010,1,9,22,15.2,4.9,4.7,-7.3,3.3,11.7,20.5,54.2,19.9,6-7,79
Gradey Dick,TOR,20,6-Jun,200,Kansas,USA,2023,1,13,17,3.7,1.3,0.9,-14.8,2.7,6.4,15.5,43.1,9.6,6-6,78
Grant Williams,DAL,25,6-Jun,236,Tennessee,USA,2019,1,22,22,9.7,3.7,1.7,0.4,3.5,8.6,13.2,57.8,7.3,6-6,78
Grayson Allen,PHX,28,4-Jun,198,Duke,USA,2018,1,21,21,12.3,4.4,2.8,0.1,2.6,10.4,13.7,66.2,11.8,6-4,76
Greg Brown III,DAL,22,7-Jun,206,Texas,USA,2021,2,43,2,0,0,0.5,36.7,0,0,0,0,50,6-7,79
Gui Santos,GSW,21,6-Jun,185,None,Brazil,2022,2,55,2,2,2,0.5,16,12.5,14.3,20.7,50,11.1,6-6,78
Harrison Barnes,SAC,31,8-Jun,225,North Carolina,USA,2012,1,7,24,11.3,3.3,1.5,-0.8,2.9,8.2,13.6,61.3,6.6,6-8,80
Harry Giles III,BKN,25,10-Jun,240,Duke,USA,2017,1,20,5,6.8,2,0.2,18.8,13.5,10.9,28.3,65.2,4.2,6-10,82
Haywood Highsmith,MIA,27,5-Jun,220,Wheeling Jesuit,USA,2018,,,16,6.2,2.6,1.5,4.4,3.2,9.9,13.2,54.9,9.2,6-5,77
Herbert Jones,NOP,25,7-Jun,206,Alabama,USA,2021,2,35,24,11.3,4.3,2.8,1.8,4.1,9.8,15,61.6,12,6-7,79
Hunter Tyson,DEN,23,8-Jun,215,Clemson,USA,2023,2,37,8,0.3,0.6,0.1,1.8,0,26.3,9.1,25,5.9,6-8,80
Immanuel Quickley,NYK,24,2-Jun,190,Kentucky,USA,2020,1,25,24,14.6,3,2.7,8.1,0.8,11.8,23.8,57.5,17.4,6-2,74
Isaac Okoro,CLE,22,5-Jun,225,Auburn,USA,2020,1,5,17,7.1,3.3,1.5,-4.9,4.8,8,12.2,58.3,8.8,6-5,77
Isaiah Hartenstein,NYK,25,Jul-00,250,None,Germany,2017,2,43,25,6,6,1.3,5.7,13.8,16.7,12.2,62.2,8.5,7-1,85
Isaiah Jackson,IND,21,9-Jun,205,Kentucky,USA,2021,1,22,17,7.7,4.6,1.1,-3.5,10.3,20.8,15.9,70,9.2,6-9,81
Isaiah Joe,OKC,24,3-Jun,165,Arkansas,USA,2020,2,49,24,9.9,2.2,1.1,17.8,0.4,9.5,16.5,63.3,6.9,6-3,75
Isaiah Livers,DET,25,6-Jun,232,Michigan,USA,2021,2,42,12,5.2,2.3,1.3,-21.4,2.1,8.4,13.6,40.9,8,6-6,78
Isaiah Mobley,CLE,24,8-Jun,238,Southern California,USA,2022,2,49,2,1,1,1.5,-40,0,40,18.2,33.3,60,6-8,80
Isaiah Stewart,DET,22,8-Jun,250,Washington,USA,2020,1,16,25,10.2,6.8,1.4,-8.1,5.8,16.6,14.9,56.3,6.3,6-8,80
Ish Smith,CHA,35,Jun-00,175,Wake Forest,USA,Undrafted,Undrafted,Undrafted,18,3.3,1.6,2.7,-12.5,1.7,8.3,11.6,56.6,24.2,6-1,73
Ish Wainright,POR,29,5-Jun,250,Baylor,USA,Undrafted,Undrafted,Undrafted,2,0,0,0,-9.1,0,0,8.3,0,0,6-5,77
Ivica Zubac,LAC,26,Jul-00,240,None,Croatia,2016,2,32,26,12.2,9.3,1.1,9.1,12.3,21.6,17.3,63,5.7,7-1,85
JT Thor,CHA,21,9-Jun,203,Auburn,USA,2021,2,37,21,3.1,2.6,0.5,-12.2,4.3,11.2,10.2,42.4,3.9,6-9,81
JaVale McGee,SAC,35,Jul-00,270,Nevada,USA,2008,1,18,22,4.7,3.1,0.4,2.6,13.5,22.5,20.2,67.1,6.8,7-1,85
Jabari Smith Jr.,HOU,20,11-Jun,220,Auburn,USA,2022,1,3,23,12.7,8.7,1.8,1.1,5.9,21.2,17.6,57.7,8.7,6-11,83
Jabari Walker,POR,21,7-Jun,227,Colorado,USA,2022,2,57,25,7.2,5,0.7,-3.7,7.9,19.9,17.1,53.6,5.7,6-7,79
Jacob Gilyard,MEM,25,8-May,160,Richmond,USA,Undrafted,Undrafted,Undrafted,18,3.2,1.1,2.8,-11.6,2.1,5.2,9.7,58.7,28.3,5-8,68
Jacob Toppin,NYK,23,8-Jun,200,Kentucky,USA,Undrafted,Undrafted,Undrafted,1,0,0,0,-56.7,0,0,0,0,0,6-8,80
Jaden Hardy,DAL,21,3-Jun,198,None,USA,2022,2,37,21,6.5,1.7,1.4,-3.3,2.9,10.6,23.9,49.7,17.6,6-3,75
Jaden Ivey,DET,21,4-Jun,195,Purdue,USA,2022,1,5,22,11.5,2.8,2.6,-11.8,2.9,8.4,20.9,55.3,16.7,6-4,76
Jaden McDaniels,MIN,23,9-Jun,185,Washington,USA,2020,1,28,14,9.5,2.1,1.1,8.9,2.8,6.4,15.4,62.9,5.9,6-9,81
Jaden Springer,PHI,21,4-Jun,202,Tennessee,USA,2021,1,28,15,4.1,1.7,1.1,2.7,7.8,7.7,19.8,46.9,14,6-4,76
Jae Crowder,MIL,33,6-Jun,235,Marquette,USA,2012,2,34,9,8.1,3.9,1.7,-10.3,1.6,12.9,9.5,69.8,8.9,6-6,78
Jae'Sean Tate,HOU,28,4-Jun,230,Ohio State,USA,Undrafted,Undrafted,Undrafted,21,5.4,3.6,1.1,6.5,5.4,13.6,12,58.4,9.6,6-4,76
Jaime Jaquez Jr.,MIA,22,6-Jun,225,UCLA,USA,2023,1,18,26,13.2,3.7,2.8,0.8,3.8,9.7,19.3,60.7,15,6-6,78
Jake LaRavia,MEM,22,7-Jun,235,Wake Forest,USA,2022,1,19,7,3.3,1.1,0.7,-24.2,2.8,6,14.8,39.8,10.9,6-7,79
Jakob Poeltl,TOR,28,Jul-00,260,Utah,Austria,2016,1,9,25,11.1,8.5,2.2,-2.1,10.9,21.2,14.8,71.2,11.8,7-1,85
Jalen Brunson,NYK,27,2-Jun,190,Villanova,USA,2018,2,33,25,25.5,3.9,5.9,2.8,1.9,9.3,27.1,59.6,27,6-2,74
Jalen Duren,DET,20,10-Jun,250,Memphis,USA,2022,1,13,14,12.6,10.9,2.5,-7.9,10.9,24.1,17.6,63.2,12.8,6-10,82
Jalen Green,HOU,21,4-Jun,186,None,USA,2021,1,2,23,17.7,4.4,3.2,-0.7,1.1,12.4,26.3,53.6,16.2,6-4,76
Jalen Hood-Schifino,LAL,20,5-Jun,215,Indiana,USA,2023,1,17,5,2.8,1.2,0.8,-37.8,1.7,9.3,21.4,31.3,15.4,6-5,77
Jalen Johnson,ATL,22,8-Jun,219,Duke,USA,2021,1,20,15,14.1,7.3,2.4,4.6,4.4,18.9,16.7,67.3,10.8,6-8,80
Jalen McDaniels,TOR,25,9-Jun,190,San Diego State,USA,2019,2,52,16,2,1.1,0.6,-6.2,2.5,9,16.6,32.1,9.3,6-9,81
Jalen Pickett,DEN,24,2-Jun,202,Penn State,USA,2023,2,32,12,2.3,0.8,0.7,4.3,1.5,12,16.1,64,14.8,6-2,74
Jalen Slawson,SAC,24,7-Jun,215,Furman,USA,2023,2,54,5,0.8,0.8,0.4,-36.8,0,20,11.6,66.7,16.7,6-7,79
Jalen Smith,IND,23,9-Jun,215,Maryland,USA,2020,1,10,14,10,5.5,0.9,-2.1,8.9,25.9,18.4,80.6,7.7,6-9,81
Jalen Suggs,ORL,22,5-Jun,205,Gonzaga,USA,2021,1,5,23,12.5,3.6,2.5,1.2,2.3,11.4,19.4,59.9,13.4,6-5,77
Jalen Williams,OKC,22,5-Jun,211,Santa Clara,USA,2022,1,12,21,17.5,4,3.6,4.3,1.2,10.1,21.5,58.8,15.8,6-5,77
Jalen Wilson,BKN,23,6-Jun,220,Kansas,USA,2023,2,51,5,2.2,1.4,0.4,-12,7.3,10.3,8.7,79.9,7.1,6-6,78
Jamal Cain,MIA,24,6-Jun,191,Oakland,USA,Undrafted,Undrafted,Undrafted,8,4.6,1.5,0.1,-6.7,4.3,7,13.3,54.7,1.2,6-6,78
Jamal Murray,DEN,26,4-Jun,215,Kentucky,Canada,2016,1,7,13,18,3.2,6,6.7,1.3,9.5,24.8,57.1,28.9,6-4,76
Jamaree Bouyea,POR,24,2-Jun,180,San Francisco,USA,Undrafted,Undrafted,Undrafted,6,1.7,1.7,1.3,-19.7,2.7,15.7,20,23.8,25.8,6-2,74
James Bouknight,CHA,23,4-Jun,190,Connecticut,USA,2021,1,11,2,7,1,0,-34.3,11.1,14.3,29.6,87.5,0,6-4,76
James Harden,LAC,34,5-Jun,220,Arizona State,USA,2009,1,3,21,17.1,4.6,7.6,8.1,1,12,19,67.4,31.5,6-5,77
James Johnson,IND,36,7-Jun,240,Wake Forest,USA,2009,1,16,2,0,1.5,1,28.8,10,18.2,7.7,0,18.2,6-7,79
James Wiseman,DET,22,11-Jun,240,Memphis,USA,2020,1,2,16,6.9,4,0.7,-16.7,9.1,18.7,17.4,70.5,8.3,6-11,83
Jarace Walker,IND,20,7-Jun,235,Houston,USA,2023,1,8,8,3.8,1.5,1.4,8.3,1.2,14.7,14.7,51.2,14.1,6-7,79
Jared Butler,WAS,23,3-Jun,193,Baylor,USA,2021,2,40,12,3.9,0.7,1.8,-11.3,0,7.7,20.5,59.8,35.5,6-3,75
Jared Rhoden,DET,24,5-Jun,210,Seton Hall,USA,Undrafted,Undrafted,Undrafted,5,2.6,0.8,0.6,23,5,10.7,17.9,65.8,13.6,6-5,77
Jaren Jackson Jr.,MEM,24,10-Jun,242,Michigan State,USA,2018,1,4,24,21.8,5.7,1.8,-6.4,4.4,13.1,28.4,55.7,10.2,6-10,82
Jarred Vanderbilt,LAL,24,8-Jun,214,Kentucky,USA,2018,2,41,5,1,4.6,1,8.2,6.8,23.7,6.9,23,8.1,6-8,80
Jarrett Allen,CLE,25,9-Jun,243,Texas,USA,2017,1,22,21,13,8.4,2.3,1.2,10.4,18.2,16.1,69.8,11,6-9,81
Jaxson Hayes,LAL,23,Jul-00,220,Texas,USA,2019,1,8,23,3.2,2,0.3,-7.2,5.3,11.2,11.6,64.9,4.4,7-1,85
Jay Huff,DEN,26,1-Jul,240,Virginia,USA,Undrafted,Undrafted,Undrafted,2,1,0,0,-80,0,0,20,100,0,7-1,85
Jaylen Brown,BOS,27,6-Jun,223,California,USA,2016,1,3,24,22.3,4.7,3.5,8.2,2,10.7,27.9,56.1,16.3,6-6,78
Jaylen Nowell,MEM,24,4-Jun,201,Washington,USA,2019,2,43,9,5.7,1.6,1.8,-0.6,1.8,6.7,16.2,45.3,14.5,6-4,76
Jaylin Williams,OKC,21,9-Jun,240,Arkansas,USA,2022,2,34,19,4.5,3.5,1.4,7.3,4.4,21.5,14.6,55.7,14.1,6-9,81
Jayson Tatum,BOS,25,8-Jun,210,Duke,USA,2017,1,3,25,27.3,8.7,4.1,9.9,2.2,19.9,29.4,60.4,17.7,6-8,80
Jeff Green,HOU,37,8-Jun,235,Georgetown,USA,2007,1,5,22,7,2.3,0.6,3.2,5.2,8.6,16,68.2,6.6,6-8,80
Jerami Grant,POR,29,7-Jun,210,Syracuse,USA,2014,2,39,21,22.7,4,2.3,-7.3,2,9.7,26,58.2,11,6-7,79
Jeremiah Robinson-Earl,NOP,23,8-Jun,240,Villanova,USA,2021,2,32,11,4,2.5,0.5,-13.9,8.7,14.9,14.6,65.4,7.8,6-8,80
Jeremy Sochan,SAS,20,8-Jun,230,Baylor,Poland,2022,1,9,25,10.4,5.3,4,-12.1,4.8,13.2,18.7,49.1,19.9,6-8,80
Jericho Sims,NYK,25,10-Jun,250,Texas,USA,2021,2,58,13,1.8,1.8,0.2,-11.9,5.9,15.8,8,66.9,4.1,6-10,82
Jermaine Samuels Jr.,HOU,25,6-Jun,230,Villanova,USA,Undrafted,Undrafted,Undrafted,5,1.2,1.4,0.4,-19.1,3.4,24,7.4,61.5,9.1,6-6,78
Jerome Robinson,GSW,26,5-Jun,190,Boston College,USA,2018,1,13,1,0,2,0,0,14.3,14.3,14.3,0,0,6-5,77
Jett Howard,ORL,20,6-Jun,215,Michigan,USA,2023,1,11,8,1.4,0.5,0.4,6.5,2.9,8.1,20.5,34.6,13.6,6-6,78
Jevon Carter,CHI,28,1-Jun,200,West Virginia,USA,2018,2,32,28,5.2,0.7,1.3,1.2,0.9,3.9,17.4,48.5,13,6-1,73
Jimmy Butler,MIA,34,7-Jun,230,Marquette,USA,2011,1,30,22,21.8,5.2,4.6,6.3,6.1,9.7,25.5,59.7,21.3,6-7,79
Jock Landale,HOU,28,11-Jun,255,St. Mary's,Australia,Undrafted,Undrafted,Undrafted,15,1.7,1.8,0.5,8.2,8,10.3,11.6,43.7,8.5,6-11,83
Joe Harris,DET,32,6-Jun,220,Virginia,USA,2014,2,33,10,2.7,0.8,0.7,-14.2,1.4,4.7,10.8,45,8.5,6-6,78
Joe Ingles,ORL,36,9-Jun,220,None,Australia,Undrafted,Undrafted,Undrafted,24,4.9,2.8,3.4,8.4,2.6,12.4,11.3,57.2,22.7,6-9,81
Joel Embiid,PHI,29,Jul-00,280,Kansas,Cameroon,2014,1,3,23,34.4,11.8,6,14.9,8.6,24.1,37.5,64.5,31.5,7-1,85
John Collins,UTA,26,9-Jun,226,Wake Forest,USA,2017,1,19,22,14.5,8.6,0.9,-12.6,8.1,19.3,18.6,57.3,4.6,6-9,81
John Konchar,MEM,27,5-Jun,210,Indiana-Purdue Fort Wayne,USA,Undrafted,Undrafted,Undrafted,19,3.3,3.9,1.4,-7.2,5.4,16.9,9.2,48,11.3,6-5,77
Johnny Davis,WAS,21,4-Jun,195,Wisconsin,USA,2022,1,10,14,3.1,1.4,0.4,0.7,5.8,8.7,14.6,50.9,5.3,6-4,76
Johnny Juzang,UTA,22,5-Jun,209,UCLA,USA,Undrafted,Undrafted,Undrafted,1,0,0,1,-18.1,0,0,20,0,100,6-5,77
Jonas Valanciunas,NOP,31,11-Jun,265,None,Lithuania,2011,1,5,27,14.6,9.7,2.4,5.6,9.3,26.5,19.9,64.1,12.5,6-11,83
Jonathan Isaac,ORL,26,10-Jun,230,Florida State,USA,2017,1,6,18,6.5,4.3,0.3,10.3,7.7,21.1,18.2,57,3.1,6-10,82
Jonathan Kuminga,GSW,21,7-Jun,225,None,DRC,2021,1,7,25,12,3.6,0.9,4.2,4.9,11.8,24.2,56,6.9,6-7,79
Jordan Clarkson,UTA,31,3-Jun,194,Missouri,USA,2014,2,46,19,16.6,3.4,4.9,-10.4,3.8,7.4,25.9,49.8,25.1,6-3,75
Jordan Ford,SAC,25,1-Jun,175,St. Mary's College,USA,Undrafted,Undrafted,Undrafted,6,2,0.3,0.3,28.9,0,10,18.4,76.1,11.8,6-1,73
Jordan Goodwin,PHX,25,4-Jun,200,St. Louis,USA,Undrafted,Undrafted,Undrafted,26,6.4,3.9,2.7,-0.3,6,14.1,16.9,49.7,21.9,6-4,76
Jordan Hawkins,NOP,21,5-Jun,190,Connecticut,USA,2023,1,14,26,10.9,3.3,1.5,-6.3,2.4,10.5,18.3,53.5,8.8,6-5,77
Jordan McLaughlin,MIN,27,Jun-00,185,Southern California,USA,Undrafted,Undrafted,Undrafted,8,1,0,0.9,8.5,0,0,7.8,68,29.2,6-1,73
Jordan Miller,LAC,23,5-Jun,194,Miami,USA,2023,2,48,3,1.7,0.3,0,-34.6,0,7.7,12.9,83.3,0,6-5,77
Jordan Nwora,IND,25,8-Jun,225,Louisville,USA,2020,2,45,9,6.9,2.4,1.1,0.6,6,14.2,21.9,58.3,11.2,6-8,80
Jordan Poole,WAS,24,4-Jun,194,Michigan,USA,2019,1,28,24,16.9,2.6,3.6,-16.1,1.2,7.2,26.9,51.7,17.2,6-4,76
Jose Alvarado,NOP,25,Jun-00,179,Georgia Tech,USA,Undrafted,Undrafted,Undrafted,13,7.5,2.6,2.2,10.7,2.6,11.2,18.7,55.2,17.6,6-1,73
Josh Giddey,OKC,21,8-Jun,216,None,Australia,2021,1,6,24,11.6,5.9,4.4,1.7,6.1,15.6,23.5,48,23.9,6-8,80
Josh Green,DAL,23,5-Jun,200,Arizona,Australia,2020,1,18,18,6.9,2.9,2.4,-0.3,2,9,12.2,53.2,12,6-5,77
Josh Hart,NYK,28,4-Jun,215,Villanova,USA,2017,1,30,25,7.8,5.6,2.8,8.5,3.7,16.5,11.7,55.6,13.5,6-4,76
Josh Minott,MIN,21,8-Jun,205,Memphis,USA,2022,2,45,11,1.8,0.3,0.1,4.8,3.1,6.7,21.1,60.1,7.7,6-8,80
Josh Okogie,PHX,25,4-Jun,213,Georgia Tech,Nigeria,2018,1,20,23,6.5,3.4,1.2,3.6,7.6,7.9,13,55.8,7.8,6-4,76
Josh Richardson,MIA,30,5-Jun,200,Tennessee,USA,2015,2,40,21,10.1,2.7,3,-4.2,1.9,8.2,15.7,56.2,15.8,6-5,77
Joshua Primo,LAC,20,4-Jun,189,Alabama,Canada,2021,1,12,1,2,0,0,-23.7,0,0,38.5,50,0,6-4,76
Jrue Holiday,BOS,33,4-Jun,205,UCLA,USA,2009,1,17,23,12.3,6.6,4.6,10.7,4.9,12.6,16.4,54.7,17.9,6-4,76
Juan Toscano-Anderson,SAC,30,6-Jun,209,Marquette,USA,Undrafted,Undrafted,Undrafted,1,0,2,1,26.7,33.3,25,16.7,0,100,6-6,78
Jules Bernard,WAS,23,6-Jun,210,UCLA,USA,Undrafted,Undrafted,Undrafted,2,1,0.5,0.5,-32.8,6.3,0,18.2,20,16.7,6-6,78
Julian Champagnie,SAS,22,7-Jun,217,St. John's,USA,Undrafted,Undrafted,Undrafted,18,5.4,1.6,0.8,-21,2.2,9.4,17.2,54,9.5,6-7,79
Julian Phillips,CHI,20,8-Jun,198,Tennessee,USA,2023,2,35,15,0.7,0.7,0.4,4.1,2.5,10.3,12,29.3,12,6-8,80
Julian Strawther,DEN,21,6-Jun,205,Gonzaga,USA,2023,1,29,24,5.8,1.5,1.1,-9.2,0.3,10,18.1,50.8,11.5,6-6,78
Julius Randle,NYK,29,8-Jun,250,Kentucky,USA,2014,1,7,25,22.4,9.4,5.3,1.8,5.6,21.5,27.9,55,23.9,6-8,80
Justin Holiday,DEN,34,6-Jun,180,Washington,USA,Undrafted,Undrafted,Undrafted,16,4.8,1.5,1.3,13.4,1.7,8.3,9.6,71.7,9.1,6-6,78
Justin Minaya,POR,24,5-Jun,205,Providence,USA,Undrafted,Undrafted,Undrafted,6,1.2,0.8,0,-10.6,8.9,2.4,8.7,50.9,0,6-5,77
Jusuf Nurkic,PHX,29,Jul-00,290,None,Bosnia and Herzegovina,2014,1,16,26,12.3,10.2,3.9,7,10.6,25,19.7,54.7,18.6,7-1,85
KJ Martin,PHI,22,6-Jun,215,None,USA,2020,2,52,15,1.9,1.1,0.6,2.2,4.2,11.1,12.9,47.2,12.2,6-6,78
Kaiser Gates,NOP,27,7-Jun,225,Xavier,USA,2018,,,1,0,1,0,-7,0,9.1,22.2,0,0,6-7,79
Karl-Anthony Towns,MIN,28,Jul-00,248,Kentucky,USA,2015,1,1,24,22.4,9.5,3,9.1,4.9,22.5,26.5,63.2,14.4,7-1,85
Kawhi Leonard,LAC,32,7-Jun,225,San Diego State,USA,2011,1,15,26,24.2,5.8,3.5,10.1,3,13,25.4,63.1,15.8,6-7,79
Keegan Murray,SAC,23,8-Jun,225,Iowa,USA,2022,1,4,20,15.5,5.7,1.8,2.4,4.3,13.6,19,56.7,7.8,6-8,80
Keita Bates-Diop,PHX,27,8-Jun,229,Ohio State,USA,2018,2,48,22,5.2,3.1,0.9,-4.1,5.3,11.9,13.5,49.1,7.4,6-8,80
Keldon Johnson,SAS,24,5-Jun,220,Kentucky,USA,2019,1,29,24,17,6.3,4.2,-10.2,3.5,15,20.4,57.1,19.1,6-5,77
Kelly Olynyk,UTA,32,11-Jun,240,Gonzaga,Canada,2013,1,13,24,7.5,5.8,4.3,-2.6,7.1,19.1,13.8,66.6,26.5,6-11,83
Kelly Oubre Jr.,PHI,28,7-Jun,203,Kansas,USA,2015,1,15,15,13.7,4.3,0.7,13.1,4.4,11.6,20,58.5,3.8,6-7,79
Kenneth Lofton Jr.,MEM,21,6-Jun,275,Louisiana Tech,USA,Undrafted,Undrafted,Undrafted,15,2.6,1,0.9,2.3,1.7,14.1,19.8,44.7,21.2,6-6,78
Kenrich Williams,OKC,29,6-Jun,210,TCU,USA,Undrafted,Undrafted,Undrafted,14,4.8,2.7,1.4,12.1,5.6,12.1,13.4,55.5,13.7,6-6,78
Kentavious Caldwell-Pope,DEN,30,5-Jun,204,Georgia,USA,2013,1,8,25,10.6,1.9,2.5,10.1,1.2,4.6,13,58.8,9.1,6-5,77
Keon Ellis,SAC,23,3-Jun,175,Alabama,USA,Undrafted,Undrafted,Undrafted,17,4.4,1.5,1.4,8.3,2.8,9,13.6,62.1,12.2,6-3,75
Kessler Edwards,SAC,23,7-Jun,203,Pepperdine,USA,2021,2,44,19,1.3,0.8,0.3,-14.3,2.8,11.9,10,48.2,6.8,6-7,79
Kevin Durant,PHX,35,11-Jun,240,Texas,USA,2007,1,2,22,30.6,6.2,5.6,4,1.2,15.2,31.2,63.3,26.7,6-11,83
Kevin Huerter,SAC,25,7-Jun,198,Maryland,USA,2018,1,19,23,11.2,4.3,2.9,1.3,2.4,14.2,17.7,55.5,15.8,6-7,79
Kevin Knox II,DET,24,7-Jun,215,Kentucky,USA,2018,1,9,10,6,2.4,0.5,-6.8,3.3,13.7,15.7,59.8,4.4,6-7,79
Kevin Love,MIA,35,8-Jun,251,UCLA,USA,2008,1,5,20,9.6,6.8,2.5,10.6,5.1,30.6,19.8,59.9,17.9,6-8,80
Kevon Looney,GSW,27,9-Jun,222,UCLA,USA,2015,1,30,26,5.5,8,2.7,-3.6,11.4,22.9,10.3,58.6,17.3,6-9,81
Keyontae Johnson,OKC,23,4-Jun,230,Kansas State,USA,2023,2,50,1,0,0,0,-18.2,0,0,8.3,0,0,6-4,76
Keyonte George,UTA,20,4-Jun,185,Baylor,USA,2023,1,16,24,10.9,3,5,-13.4,1.8,9.9,21.1,50,28.6,6-4,76
Khris Middleton,MIL,32,7-Jun,222,Texas A&M,USA,2012,2,39,21,12.9,4.9,4.2,9.4,3.5,16.3,24,56.9,24.4,6-7,79
Killian Hayes,DET,22,5-Jun,195,None,France,2020,1,7,25,9.1,3.1,4.4,-9.9,1.3,10.4,16.2,49.2,23.3,6-5,77
Kira Lewis Jr.,NOP,22,1-Jun,170,Alabama,USA,2020,1,13,13,3.1,0.8,1.4,-2.8,2,5.2,17.7,39.2,21.7,6-1,73
Klay Thompson,GSW,33,6-Jun,220,Washington State,USA,2011,1,11,25,16.8,3.9,2.1,-1.8,1.9,10.4,22.3,56.8,10.5,6-6,78
Kobe Brown,LAC,23,7-Jun,250,Missouri,USA,2023,1,30,17,2.3,1.7,0.5,2.7,3.5,14.6,10.9,47.7,6.1,6-7,79
Kobe Bufkin,ATL,20,5-Jun,195,Michigan,USA,2023,1,15,2,0.5,1,0,-126.4,16.7,100,33.3,12.9,0,6-5,77
Kris Dunn,UTA,29,3-Jun,205,Providence,USA,2016,1,5,18,4.8,2.3,2.7,0.5,3.5,11.2,17.1,52.2,25.9,6-3,75
Kris Murray,POR,23,8-Jun,210,Iowa,USA,2023,1,23,13,2.7,1.8,0.5,7.8,4.5,11,11.2,44.6,6.4,6-8,80
Kristaps Porzingis,BOS,28,2-Jul,240,None,Latvia,2015,1,4,19,18.9,6.8,1.7,8.8,5.1,16,22.7,65.1,8.1,7-2,86
Kyle Anderson,MIN,30,9-Jun,230,UCLA,USA,2014,1,30,24,7,3.7,4.1,3.9,3.1,11.3,14.7,51.6,25.3,6-9,81
Kyle Kuzma,WAS,28,9-Jun,221,Utah,USA,2017,1,27,25,23.1,6,4.3,-13.1,2.7,15.5,30.6,55.6,21.3,6-9,81
Kyle Lowry,MIA,37,Jun-00,196,Villanova,USA,2006,1,24,25,9.8,4,4.2,1.9,2.6,11.7,13.3,62.7,19.7,6-1,73
Kyrie Irving,DAL,31,2-Jun,195,Duke,Australia,2011,1,1,17,23,3.9,5.2,3.1,1.7,10.2,27.2,58,24.7,6-2,74
LaMelo Ball,CHA,22,7-Jun,180,None,USA,2020,1,3,15,24.7,5.5,8.2,-8.2,4.3,11.7,30.8,56.8,38.7,6-7,79
Lamar Stevens,BOS,26,7-Jun,230,Penn State,USA,Undrafted,Undrafted,Undrafted,9,2.3,1.1,0.3,-16.7,9.4,12.5,19.8,56,12,6-7,79
Landry Shamet,WAS,26,4-Jun,190,Wichita State,USA,2018,1,26,15,8.3,1.4,1.5,-2.3,0.7,7.8,18.2,59.1,11.8,6-4,76
Larry Nance Jr.,NOP,30,8-Jun,245,Wyoming,USA,2015,1,27,14,3.5,4.1,0.7,-9,8,16.8,11.4,53.8,7.1,6-8,80
Lauri Markkanen,UTA,26,Jul-00,240,Arizona,Finland,2017,1,7,17,23.4,8.4,1.1,-4.3,6.3,18.2,24,63,5.4,7-1,85
LeBron James,LAL,38,9-Jun,250,None,USA,2003,1,1,24,25.2,7.5,7,5.7,3,17.8,29,63.7,33.3,6-9,81
Leaky Black,CHA,24,6-Jun,209,North Carolina,USA,Undrafted,Undrafted,Undrafted,5,1.4,0.6,0.6,11.5,0,10.7,12.1,58.3,13,6-6,78
Leonard Miller,MIN,20,10-Jun,210,None,Canada,2023,2,33,3,0.7,2,0.3,-46.7,0,60,12.5,50,50,6-10,82
Lester Quinones,GSW,23,4-Jun,208,Memphis,USA,Undrafted,Undrafted,Undrafted,2,2.5,0,0,5.6,0,0,29.2,41.7,0,6-4,76
Lindell Wigginton,MIL,25,1-Jun,189,Iowa State,Canada,2019,,,3,2,0,0,-66.5,0,0,41.2,51,0,6-1,73
Lindy Waters III,OKC,26,6-Jun,210,Oklahoma State,USA,Undrafted,Undrafted,Undrafted,9,2.9,0.7,0.7,9,1.4,6.8,13.8,59.1,11.5,6-6,78
Lonnie Walker IV,BKN,25,4-Jun,204,Miami,USA,2018,1,18,17,14.6,2.6,1.6,3.4,0.8,11.3,24.9,63.3,11.1,6-4,76
Luguentz Dort,OKC,24,4-Jun,220,Arizona State,Canada,Undrafted,Undrafted,Undrafted,23,10.7,4.1,1.2,1.5,4.9,8.9,14.6,59.8,5.5,6-4,76
Luka Doncic,DAL,24,7-Jun,230,None,Slovenia,2018,1,3,24,32.7,8.3,9.1,2.5,1.8,19.9,34.8,61.6,42,6-7,79
Luka Garza,MIN,24,10-Jun,243,Iowa,USA,2021,2,52,5,2.6,1.2,0.2,3,13,17.6,35.6,44.8,10,6-10,82
Luka Samanic,UTA,23,10-Jun,227,None,Croatia,2019,1,19,11,3.5,2.2,0.3,11.3,3.9,23.9,22.8,47.6,5.1,6-10,82
Luke Kennard,MEM,27,5-Jun,206,Duke,USA,2017,1,12,8,8.3,2.9,2,-6.8,1.6,10.8,15.7,54,14.3,6-5,77
Luke Kornet,BOS,28,1-Jul,250,Vanderbilt,USA,Undrafted,Undrafted,Undrafted,17,4.4,3.3,0.6,1.2,10.4,13.7,10.1,76.6,6.7,7-1,85
Malachi Flynn,TOR,25,1-Jun,185,San Diego State,USA,2020,1,29,25,5.5,2.1,2.4,-9.3,2.1,10.1,14.8,56.2,21.6,6-1,73
Malaki Branham,SAS,20,4-Jun,180,Ohio State,USA,2022,1,20,25,8.8,1.7,2.4,-13.5,1,6.8,17.9,52.2,15.2,6-4,76
Malcolm Brogdon,POR,31,4-Jun,229,Virginia,USA,2016,2,36,18,15.6,3.5,5.5,-3.4,2.9,9.8,25.2,52.7,34,6-4,76
Malcolm Cazalon,DET,22,6-Jun,185,None,France,Undrafted,Undrafted,Undrafted,1,0,0,0,83.3,0,0,0,0,0,6-6,78
Malik Beasley,MIL,27,4-Jun,187,Florida State,USA,2016,1,19,24,12,4.4,1.5,6.7,2.4,10.8,13.5,65.1,6.1,6-4,76
Malik Monk,SAC,25,3-Jun,200,Kentucky,USA,2017,1,11,24,15,2.7,5.2,3,1.9,8.6,23.5,60.2,29.9,6-3,75
MarJon Beauchamp,MIL,23,7-Jun,199,None,USA,2022,1,24,22,5.3,2.5,0.8,3.5,4.2,10.7,13.1,58.6,6.1,6-7,79
Marcus Morris Sr.,PHI,34,8-Jun,218,Kansas,USA,2011,1,14,18,5.8,2.6,0.7,3.5,2.8,16.8,15.2,64,7.6,6-8,80
Marcus Sasser,DET,23,2-Jun,195,Houston,USA,2023,1,25,25,8,1.7,2.7,-10.3,0.7,9.1,18.3,60.5,24.1,6-2,74
Marcus Smart,MEM,29,3-Jun,220,Oklahoma State,USA,2014,1,6,11,12.5,2.5,5,-6.5,0.8,7.1,21.1,53.4,24.6,6-3,75
Mark Williams,CHA,22,Jul-00,240,Duke,USA,2022,1,15,19,12.7,9.7,1.2,-1.2,14.3,20.9,16.2,67.5,5.9,7-1,85
Markelle Fultz,ORL,25,4-Jun,209,Washington,USA,2017,1,1,5,11.4,3.4,4,1.3,5.2,6.6,18,49.3,21.1,6-4,76
Markieff Morris,DAL,34,9-Jun,245,Kansas,USA,2011,1,13,9,3.4,1.9,1.1,-9.8,3.1,13.3,17.3,45.6,13.9,6-9,81
Markquis Nowell,TOR,23,7-May,160,Kansas State,USA,Undrafted,Undrafted,Undrafted,1,2,2,2,66.1,50,0,22.2,53.2,100,5-7,67
Marques Bolden,MIL,25,10-Jun,249,Duke,USA,2019,,,2,0,1,0,91.1,0,33.3,0,0,0,6-10,82
Marvin Bagley III,DET,24,10-Jun,235,Duke,USA,2018,1,2,21,9.9,4.9,1.1,-7.1,10.4,17,20.9,62.4,9.3,6-10,82
Mason Plumlee,LAC,33,10-Jun,254,Duke,USA,2013,1,22,6,5,5.5,1,-9.7,7.8,23.8,12.1,59.6,8,6-10,82
Matisse Thybulle,POR,26,5-Jun,201,Washington,USA,2019,1,20,25,6.3,2.1,1.1,-10.3,1.8,7.4,10.3,62,6.4,6-5,77
Matt Ryan,NOP,26,6-Jun,215,Tennessee-Chattanooga,USA,Undrafted,Undrafted,Undrafted,13,9.3,2.3,1.1,4.8,1.6,7.5,14.3,67.9,6.2,6-6,78
Max Christie,LAL,20,5-Jun,190,Michigan State,USA,2022,2,35,21,4.5,2.6,1,-4.3,0.9,12.8,13.4,47.9,8,6-5,77
Max Strus,CLE,27,5-Jun,215,DePaul,USA,Undrafted,Undrafted,Undrafted,26,13.6,5.5,3.8,5,2.3,12.8,16.9,54.7,14.9,6-5,77
Maxi Kleber,DAL,31,10-Jun,240,None,Germany,Undrafted,Undrafted,Undrafted,5,3.4,4.2,2,0.2,4.1,18.5,11.4,41.7,14.5,6-10,82
Maxwell Lewis,LAL,21,7-Jun,195,Pepperdine,USA,2023,2,40,11,0.3,0.3,0.3,-32.3,1.8,3.5,11.1,16.7,10.7,6-7,79
Micah Potter,UTA,25,9-Jun,248,Wisconsin,USA,Undrafted,Undrafted,Undrafted,2,0,2,0,-106.2,0,66.7,6.3,0,0,6-9,81
Michael Porter Jr.,DEN,25,10-Jun,218,Missouri,USA,2018,1,14,27,16.8,8,1.5,6,4.8,21,20.5,58.6,6.5,6-10,82
Mikal Bridges,BKN,27,6-Jun,209,Villanova,USA,2018,1,10,25,22.3,5.6,3.7,0.6,2.8,12.1,25.2,59.3,16.4,6-6,78
Mike Conley,MIN,36,Jun-00,175,Ohio State,USA,2007,1,4,24,11.3,3,6.2,9.2,1.5,8.3,14.7,61.8,28.8,6-1,73
Mike Muscala,WAS,32,10-Jun,240,Bucknell,USA,2013,2,44,13,3,2.2,0.8,-23.2,4.4,13.9,13,48.3,9.8,6-10,82
Miles Bridges,CHA,25,7-Jun,225,Michigan State,USA,2018,1,12,14,19.6,7.2,2.4,-10.5,2.5,17.6,22.5,57.2,10.6,6-7,79
Miles McBride,NYK,23,1-Jun,195,West Virginia,USA,2021,2,36,16,2.1,0.3,0.5,-12.1,1.2,4.1,14.3,65.7,15.4,6-1,73
Mitchell Robinson,NYK,25,Jul-00,240,Western Kentucky,USA,2018,2,36,21,6.2,10.3,0.7,2.9,16.9,17.9,9.3,56.7,3.3,7-1,85
Mo Bamba,PHI,25,Jul-00,231,Texas,USA,2018,1,6,14,3.8,2.5,0.3,8.9,17,21.7,20.9,63.3,6.6,7-1,85
Moritz Wagner,ORL,26,11-Jun,245,Michigan,Germany,2018,1,25,25,11.6,4,1.1,-0.1,7.3,13.7,22,68.3,9.7,6-11,83
Moses Brown,POR,24,2-Jul,258,UCLA,USA,Undrafted,Undrafted,Undrafted,5,2.4,3.6,0.2,-13.5,20.5,29.4,16.9,46.6,5.6,7-2,86
Moses Moody,GSW,21,5-Jun,211,Arkansas,USA,2021,1,14,26,8.4,3.5,1,-1,6.4,11.3,16.7,59.1,8,6-5,77
Mouhamed Gueye,ATL,21,10-Jun,210,Washington State,Senegal,2023,2,39,2,0,0,0,-117.3,0,0,8.3,0,0,6-10,82
Moussa Diabate,LAC,21,9-Jun,210,Michigan,France,2022,2,43,9,3,2.1,0.4,-1.1,23.3,8.3,18.3,58,10.5,6-9,81
Myles Turner,IND,27,11-Jun,250,Texas,USA,2015,1,11,24,16.9,7.8,1.3,2.9,7,21.7,23.1,60,5.9,6-11,83
Naji Marshall,NOP,25,6-Jun,220,Xavier,USA,Undrafted,Undrafted,Undrafted,18,8.6,4.3,2.5,7.8,5.5,15.1,16.5,62.4,16.6,6-6,78
Nassir Little,PHX,23,6-Jun,220,North Carolina,USA,2019,1,25,19,5.4,2.7,0.8,-5.4,4.7,11.7,12.5,62.8,7.8,6-6,78
Nate Hinton,HOU,24,5-Jun,210,Houston,USA,Undrafted,Undrafted,Undrafted,4,2.3,0.8,0,5.2,6.3,10.5,15.4,75,0,6-5,77
Nate Williams,HOU,24,5-Jun,205,Buffalo,USA,Undrafted,Undrafted,Undrafted,4,3.3,0,0.5,0.1,0,0,21.8,54.7,13.3,6-5,77
Nathan Mensah,CHA,25,9-Jun,230,San Diego State,Ghana,Undrafted,Undrafted,Undrafted,2,2,7.5,0.5,-61.2,9.1,31.3,8.1,41,4,6-9,81
Naz Reid,MIN,24,9-Jun,264,Louisiana State,USA,Undrafted,Undrafted,Undrafted,24,13.5,4.6,0.9,5.8,4.9,14.3,21.5,63.3,6.5,6-9,81
Neemias Queta,BOS,24,Jul-00,248,Utah State,Portugal,2021,2,39,5,3.6,4.6,0.2,19.5,15.2,19.7,12.7,52.3,1.8,7-1,85
Nic Claxton,BKN,24,11-Jun,215,Georgia,USA,2019,2,31,16,12.2,9.4,1.4,-1.9,11.2,21,15.7,65.3,7.6,6-11,83
Nick Richards,CHA,26,Jul-00,245,Kentucky,Jamaica,2020,2,42,18,8.6,6.3,0.4,-11.1,9.1,21.3,14,75.8,3.2,7-1,85
Nick Smith Jr.,CHA,19,2-Jun,185,Arkansas,USA,2023,1,27,9,4.6,0.7,0.3,-28.1,3.3,3.8,18.4,62.1,6.4,6-2,74
Nickeil Alexander-Walker,MIN,25,5-Jun,205,Virginia Tech,Canada,2019,1,17,24,7.1,2,2.5,4.9,2,5.9,13.8,53.6,14.7,6-5,77
Nicolas Batum,PHI,35,8-Jun,230,None,France,2008,1,25,20,5.7,3.7,2.2,16.8,3.9,11,7.6,71.7,10.4,6-8,80
Nikola Jokic,DEN,28,11-Jun,284,None,Serbia,2014,2,41,26,27,12.4,9.5,10,10.1,27.1,31.3,61.1,43.5,6-11,83
Nikola Jovic,MIA,20,10-Jun,205,None,Serbia,2022,1,27,4,3.5,5.8,2.3,9.2,2.2,44,17.6,50.9,23.1,6-10,82
Nikola Vucevic,CHI,33,10-Jun,260,Southern California,Montenegro,2011,1,16,28,16.7,10.5,3.5,-4.8,8.1,22.7,22.9,51,16.2,6-10,82
Noah Clowney,BKN,19,9-Jun,210,Alabama,USA,2023,1,21,1,0,1,0,-100,0,25,0,0,0,6-9,81
Norman Powell,LAC,30,4-Jun,215,UCLA,USA,2015,2,46,26,13.1,2.2,1,4.4,0.6,7.5,18.3,64.4,6,6-4,76
OG Anunoby,TOR,26,7-Jun,240,Indiana,United Kingdom,2017,1,23,21,15.5,4.2,2.5,1.5,3,9.6,18.6,59.6,10.5,6-7,79
Obi Toppin,IND,25,9-Jun,220,Dayton,USA,2020,1,8,25,12.3,3.4,1.4,-4.3,4.3,10.4,15.9,70.6,7.2,6-9,81
Ochai Agbaji,UTA,23,5-Jun,215,Kansas,USA,2022,1,14,26,6.5,2.6,1.1,-9.1,4.1,7.4,12.6,55.4,6.9,6-5,77
Olivier Sarr,OKC,24,10-Jun,240,Kentucky,France,Undrafted,Undrafted,Undrafted,5,2.4,4,0.2,19.3,8.7,23.9,8.5,69.4,2.2,6-10,82
Olivier-Maxence Prosper,DAL,21,7-Jun,230,Marquette,Canada,2023,1,24,15,2.4,1.7,0.6,0.8,4.4,15.4,12.8,49.8,10.1,6-7,79
Omer Yurtseven,UTA,25,11-Jun,275,Georgetown,Turkey,Undrafted,Undrafted,Undrafted,18,4.4,4.8,0.7,-15.6,12.1,25.8,16.2,55.2,8.7,6-11,83
Onuralp Bitim,CHI,24,6-Jun,215,None,Turkey,Undrafted,Undrafted,Undrafted,1,0,0,0,-45.2,0,0,0,0,0,6-6,78
Onyeka Okongwu,ATL,23,10-Jun,240,Southern California,USA,2020,1,6,25,9.1,6.9,1.4,2.4,10.3,17.8,12.9,64.9,7.8,6-10,82
Orlando Robinson,MIA,23,10-Jun,235,Fresno State,USA,Undrafted,Undrafted,Undrafted,12,6.6,4.8,1.9,3.6,9,19.9,15.9,60.6,15.6,6-10,82
Oscar Tshiebwe,IND,24,8-Jun,255,Kentucky,DRC,Undrafted,Undrafted,Undrafted,3,3.7,1.7,0.7,35.7,11.1,21.4,20,56.4,10.5,6-8,80
Oshae Brissett,BOS,25,7-Jun,210,Syracuse,Canada,Undrafted,Undrafted,Undrafted,11,2.3,2.2,0.4,-3.4,7.3,15.2,12.1,46,4.8,6-7,79
Otto Porter Jr.,TOR,30,8-Jun,230,Georgetown,USA,2013,1,3,11,2.5,2.2,0.3,8.9,4.4,14.2,8.8,53,2.8,6-8,80
Ousmane Dieng,OKC,20,9-Jun,185,None,France,2022,1,11,15,4.1,1.7,0.9,-8,3.5,11.4,15.2,58.1,12.3,6-9,81
P.J. Tucker,LAC,38,5-Jun,245,Texas,USA,2006,2,35,15,1.3,2.9,0.5,-0.5,6.6,11.3,4.3,49.2,4.3,6-5,77
P.J. Washington,CHA,25,7-Jun,230,Kentucky,USA,2019,1,12,21,13.3,5.1,2.4,-9.6,3.6,13.4,19.6,53.4,10.9,6-7,79
Paolo Banchero,ORL,21,10-Jun,250,Duke,USA,2022,1,1,25,21,6.8,4.4,1.7,4.1,16.7,27.5,55.7,20.8,6-10,82
Pascal Siakam,TOR,29,8-Jun,245,New Mexico State,Cameroon,2016,1,27,25,20.9,6.7,5,1.8,4.3,14.8,24.9,57.4,21.7,6-8,80
Pat Connaughton,MIL,30,5-Jun,209,Notre Dame,USA,2015,2,41,20,5.8,3.5,2.1,5.2,3.2,12,10.7,56.5,11.5,6-5,77
Patrick Baldwin Jr.,WAS,21,9-Jun,220,Wisconsin-Milwaukee,USA,2022,1,28,7,2.4,1.4,0.4,-3.7,4.7,16.3,15.8,57.6,11.1,6-9,81
Patrick Beverley,PHI,35,2-Jun,180,Arkansas,USA,2009,2,42,26,4.6,2.8,2.3,9.8,4.2,10.7,11.9,52.5,17.8,6-2,74
Patrick Williams,CHI,22,7-Jun,215,Florida State,USA,2020,1,4,28,9.5,4.3,1.4,1.8,4.3,11.9,15.9,54.4,7.1,6-7,79
Patty Mills,ATL,35,2-Jun,180,St. Mary's,Australia,2009,2,55,4,2.3,1,1,-10.3,0,11.1,13.3,45,13.8,6-2,74
Paul George,LAC,33,8-Jun,220,Fresno State,USA,2010,1,10,25,22.9,5.7,4.2,10.9,2,13.7,26.4,58.9,17.4,6-8,80
Paul Reed,PHI,24,9-Jun,210,DePaul,USA,2020,2,58,26,4.9,4.2,1,11.2,12.1,18.7,14.5,61.6,10,6-9,81
Payton Pritchard,BOS,25,1-Jun,195,Oregon,USA,2020,1,26,25,6.4,3.2,2.9,11.8,4.4,10.7,13.9,53.1,19.2,6-1,73
Peyton Watson,DEN,21,7-Jun,200,UCLA,USA,2022,1,30,25,5.6,2.3,1,1.1,3.6,9.4,14.5,55.6,8.3,6-7,79
Precious Achiuwa,TOR,24,8-Jun,243,Memphis,Nigeria,2020,1,20,19,8.1,5.9,2.1,-10.8,9.7,21.3,20.5,52.5,17.7,6-8,80
Quentin Grimes,NYK,23,5-Jun,210,Houston,USA,2021,1,25,23,6.8,1.4,1.1,-1.5,1.1,5.1,12.8,53.7,7.1,6-5,77
R.J. Hampton,MIA,22,4-Jun,175,None,USA,2020,1,24,2,1.5,1,0,45,0,10.5,10,75,0,6-4,76
RJ Barrett,NYK,23,6-Jun,214,Duke,Canada,2019,1,3,20,19.1,3.9,2.5,2.9,2.3,10.9,27.1,54.8,12.5,6-6,78
Rayan Rupert,POR,19,6-Jun,185,None,France,2023,2,43,7,0.7,0.1,0.3,-39.3,2.4,0,21.1,18.2,12.5,6-6,78
Reggie Bullock Jr.,HOU,32,6-Jun,205,North Carolina,USA,2013,1,25,11,1.9,1.2,0.3,-9.1,2.1,11.6,10.1,51.4,4,6-6,78
Reggie Jackson,DEN,33,2-Jun,208,Boston College,USA,2011,1,24,27,13.4,2.3,4.6,3.1,1.4,6.9,21.2,57.8,24.9,6-2,74
Richaun Holmes,DAL,30,9-Jun,235,Bowling Green,USA,2015,2,37,13,2.7,3.5,0.5,-2.9,11.1,19.4,13.2,50.6,7.6,6-9,81
Robert Covington,PHI,33,7-Jun,209,Tennessee State,USA,Undrafted,Undrafted,Undrafted,25,4.7,3.5,0.8,11.5,6.7,12.9,10.7,59.3,6.1,6-7,79
Robert Williams III,POR,26,9-Jun,249,Texas A&M,USA,2018,1,27,6,6.8,6.3,0.8,-13.3,8,22.7,12.2,68.4,6.5,6-9,81
Robin Lopez,MIL,35,1-Jul,281,Stanford,USA,2008,1,15,6,0.3,0,0.3,-21.3,0,0,10.9,25.8,16.7,7-1,85
Ron Harper Jr.,TOR,23,4-Jun,233,Rutgers,USA,Undrafted,Undrafted,Undrafted,1,0,0,1,-88.9,0,0,0,0,33.3,6-4,76
Royce O'Neale,BKN,30,6-Jun,226,Baylor,USA,Undrafted,Undrafted,Undrafted,24,8,5,3.3,0.6,2.7,14.3,12.1,56,15.3,6-6,78
Rudy Gobert,MIN,31,1-Jul,258,None,France,2013,1,27,24,12.7,12,1.2,9.9,12,23.6,15.7,63.3,5.4,7-1,85
Rui Hachimura,LAL,25,8-Jun,230,Gonzaga,Japan,2019,1,9,17,11.8,3.8,1.3,4.2,3,11.4,19.2,58.7,7.7,6-8,80
Russell Westbrook,LAC,35,4-Jun,200,UCLA,USA,2008,1,4,26,11.2,6.2,4.7,1.6,6.5,18.2,22.9,50.9,28.1,6-4,76
Ryan Arcidiacono,NYK,29,3-Jun,195,Villanova,USA,Undrafted,Undrafted,Undrafted,8,0,0.5,0.3,2.7,0,17.4,4.8,0,15.4,6-3,75
Ryan Rollins,WAS,21,3-Jun,180,Toledo,USA,2022,2,44,8,4,1.3,1.3,47.3,4.3,13.6,25.4,63.9,25,6-3,75
Saben Lee,PHX,24,2-Jun,183,Vanderbilt,USA,2020,2,38,4,2.5,0.8,0.8,-8,25,6.7,28.6,63.5,50,6-2,74
Saddiq Bey,ATL,24,7-Jun,215,Villanova,USA,2020,1,19,25,12.6,6.2,1.3,3.5,6.5,13.4,15,58.5,5.3,6-7,79
Sam Hauser,BOS,26,7-Jun,217,Virginia,USA,Undrafted,Undrafted,Undrafted,25,9.4,3.5,1,7.7,3.8,10.5,14,67.5,6.2,6-7,79
Sam Merrill,CLE,27,4-Jun,205,Utah State,USA,2020,2,60,13,3.7,1,0.7,-17.6,3.3,8.1,17.4,57.1,13.2,6-4,76
Sandro Mamukelashvili,SAS,24,9-Jun,240,Seton Hall,Georgia,2021,2,54,10,2.4,1.4,1,-6.1,7.5,13.6,15.6,53,21.7,6-9,81
Santi Aldama,MEM,22,Jul-00,215,Loyola-Maryland,Spain,2021,1,30,18,12.3,5.9,2.1,-2.5,5.5,15.9,20.1,53.2,13,7-1,85
Sasha Vezenkov,SAC,28,8-Jun,225,None,Bulgaria,2017,2,57,21,6,2.7,0.5,5.3,4.3,14.7,16.5,56,4.7,6-8,80
Scoot Henderson,POR,19,3-Jun,202,None,USA,2023,1,3,16,11.3,2.6,4.3,-4.6,2.6,7,24.5,45.2,25.7,6-3,75
Scottie Barnes,TOR,22,7-Jun,237,Florida State,USA,2021,1,4,25,20.2,8.9,5.7,-3.9,7.1,17.7,23.2,58.1,24.4,6-7,79
Seth Curry,DAL,33,1-Jun,185,Duke,USA,Undrafted,Undrafted,Undrafted,20,4.7,1.6,1,12.1,3.9,7.7,15.2,53.8,10.3,6-1,73
Seth Lundy,ATL,23,4-Jun,220,Penn State,USA,2023,2,46,1,2,0,0,-100,0,0,33.3,100,0,6-4,76
Shaedon Sharpe,POR,20,5-Jun,205,Kentucky,Canada,2022,1,7,25,17.4,5.5,3.4,-8.1,3.6,11.9,21.9,53.6,14.4,6-5,77
Shai Gilgeous-Alexander,OKC,25,6-Jun,195,Kentucky,Canada,2018,1,11,23,30.7,5.5,6.4,12.2,2.6,11.8,31,63.5,30.4,6-6,78
Shake Milton,MIN,27,5-Jun,205,Southern Methodist,USA,2018,2,54,24,5.7,1.7,1.5,-2.8,1.3,9.1,18,49.3,13.9,6-5,77
Shaquille Harrison,MEM,30,4-Jun,195,Tulsa,USA,Undrafted,Undrafted,Undrafted,3,0.7,0.7,0,-75.3,0,40,15.4,50,0,6-4,76
Sidy Cissoko,SAS,19,6-Jun,200,None,France,2023,2,44,1,0,0,0,-24.4,0,0,10,0,0,6-6,78
Simone Fontecchio,UTA,28,7-Jun,209,None,Italy,Undrafted,Undrafted,Undrafted,24,8.8,2.7,1.1,-13.1,3.6,9.1,16.6,61,8.7,6-7,79
Skylar Mays,POR,26,3-Jun,205,Louisiana State,USA,2020,2,50,15,7.3,1.7,4.5,-9.9,1.6,7.9,18.2,48.8,34,6-3,75
Spencer Dinwiddie,BKN,30,5-Jun,215,Colorado,USA,2014,2,38,24,14.9,4,6.8,4.4,1.6,10.1,20.2,54.6,28.3,6-5,77
Stanley Umude,DET,24,6-Jun,210,Arkansas,USA,Undrafted,Undrafted,Undrafted,15,5,1.9,0.5,-11.4,2.1,15.1,16.9,69.3,7.7,6-6,78
Stephen Curry,GSW,35,2-Jun,185,Davidson,USA,2009,1,7,24,28,4.8,4.4,-1.5,1.7,12.2,29.9,65,21.9,6-2,74
Svi Mykhailiuk,BOS,26,7-Jun,205,Kansas,Ukraine,2018,2,47,9,1.8,0.6,0.1,4.4,1.7,5.6,14.3,44.4,2.1,6-7,79
T.J. McConnell,IND,31,1-Jun,190,Arizona,USA,2015,0,,19,7.9,2.7,4.8,-1.6,3.5,14.4,22.1,53.2,42.2,6-1,73
Taj Gibson,NYK,38,9-Jun,232,Southern California,USA,2009,1,26,2,1,0.5,0,5.6,9.1,0,15,33.3,0,6-9,81
Talen Horton-Tucker,UTA,23,4-Jun,234,Iowa State,USA,2019,2,46,26,10.5,2.7,4.2,-3.3,2,9.5,22.6,49.7,27.8,6-4,76
Tari Eason,HOU,22,8-Jun,215,Louisiana State,USA,2022,1,17,16,9,7.2,1.2,15.2,8.6,22.3,18.1,56,9.2,6-8,80
Taurean Prince,LAL,29,6-Jun,218,Baylor,USA,2016,1,12,24,9.5,2.7,1.6,0,1,7.1,12.9,57,7.1,6-6,78
Taylor Hendricks,UTA,20,9-Jun,215,Central Florida,USA,2023,1,9,8,6.4,2.6,0.5,4.8,5.2,7.9,14.9,51.5,3.3,6-9,81
Terance Mann,LAC,27,5-Jun,215,Florida State,USA,2019,2,48,20,6.7,3.5,2.1,6.1,4.4,8.6,11.5,50.9,10,6-5,77
Terry Rozier,CHA,29,1-Jun,190,Louisville,USA,2015,1,16,15,23.1,3.4,7.1,-9.1,1.5,8,26.2,58.4,30.2,6-1,73
Terry Taylor,CHI,24,4-Jun,230,Austin Peay,USA,Undrafted,Undrafted,Undrafted,6,0.7,0.3,0,-7.5,6.7,6.7,6.3,100,0,6-4,76
Thaddeus Young,TOR,35,8-Jun,225,Georgia Tech,USA,2007,1,12,4,1,0.8,0.8,42.9,6.3,15.4,19.4,41,37.5,6-8,80
Thanasis Antetokounmpo,MIL,31,7-Jun,219,None,Greece,2014,2,51,11,0.7,0.5,0.4,1.6,7.1,4.7,11.1,44.4,9.8,6-7,79
Theo Maledon,PHX,22,4-Jun,175,None,France,2020,2,34,13,4.2,1.8,2.2,-13.2,1.8,9.8,16.8,37.9,17.9,6-4,76
Thomas Bryant,MIA,26,10-Jun,248,Indiana,USA,2017,2,42,17,5,3.8,0.6,-7.7,9.3,22.4,18.1,58.3,7.6,6-10,82
Tim Hardaway Jr.,DAL,31,5-Jun,205,Michigan,USA,2013,1,24,22,17.7,3.5,1.5,0,1.2,10.9,23.4,57.3,7.5,6-5,77
Tobias Harris,PHI,31,8-Jun,226,Tennessee,USA,2011,1,19,26,16.3,6,2.7,10.8,2.9,14.6,18.6,61.3,10.7,6-8,80
Torrey Craig,CHI,33,5-Jun,221,South Carolina Upstate,USA,Undrafted,Undrafted,Undrafted,27,6.1,4.8,1,-7.7,7.6,14.5,12,55.3,6.8,6-5,77
Toumani Camara,POR,23,7-Jun,226,Dayton,Belgium,2023,2,52,25,7.4,4.6,1.1,-5,6.9,10.9,13.4,50.5,6,6-7,79
Trae Young,ATL,25,1-Jun,164,Oklahoma,USA,2018,1,5,23,28,2.9,10.8,0.3,1.6,6.4,31.1,58.3,43.8,6-1,73
Trayce Jackson-Davis,GSW,23,9-Jun,245,Indiana,USA,2023,2,57,16,3.6,2.1,0.6,9.5,12.9,10.9,16.2,60.8,8.8,6-9,81
Tre Jones,SAS,23,1-Jun,185,Duke,USA,2020,2,41,21,7.7,2.6,5,-4.7,1.9,8.7,15.1,52.6,28.2,6-1,73
Tre Mann,OKC,22,3-Jun,178,Florida,USA,2021,1,18,8,4.8,2.1,1.5,-3.2,3.8,15.4,20.3,58.6,20.7,6-3,75
Trendon Watford,BKN,23,8-Jun,237,Louisiana State,USA,Undrafted,Undrafted,Undrafted,18,6.6,3.5,2,7.4,7.6,15,19.5,58.1,18.5,6-8,80
Trent Forrest,ATL,25,4-Jun,210,Florida State,USA,Undrafted,Undrafted,Undrafted,7,1.4,1.1,1.7,-17.5,5.1,7.4,12.7,29.8,26.7,6-4,76
Trey Lyles,SAC,28,9-Jun,234,Kentucky,Canada,2015,1,12,11,6.9,5.8,1.5,8.2,4.9,22.8,14.5,54.8,9.9,6-9,81
Trey Murphy III,NOP,23,8-Jun,206,Virginia,USA,2021,1,17,7,16,3.9,2,19.6,0.5,13.3,19,66.6,10.9,6-8,80
Tristan Thompson,CLE,32,9-Jun,254,Texas-Austin,Canada,2011,1,4,21,2.9,3.2,0.7,-1.6,14,17.5,10.9,68.6,9.6,6-9,81
Troy Brown Jr.,MIN,24,7-Jun,215,Oregon,USA,2018,1,15,20,6,2.8,1.2,7.9,3.9,12.1,14.4,62,10.1,6-7,79
Ty Jerome,CLE,26,5-Jun,195,Virginia,USA,2019,1,24,2,2,0.5,1.5,-37.1,6.7,0,14.7,50,27.3,6-5,77
TyTy Washington Jr.,MIL,22,3-Jun,195,Kentucky,USA,2022,1,29,2,1.5,0.5,0,17,0,20,35.7,50,0,6-3,75
Tyler Herro,MIA,23,5-Jun,195,Kentucky,USA,2019,1,13,8,22.9,5,4.6,-1.3,1.1,13.9,28.1,56.1,22,6-5,77
Tyrese Haliburton,IND,23,5-Jun,185,Iowa State,USA,2020,1,12,22,24.9,4,11.9,1.3,2,10.1,25.4,64.8,46.9,6-5,77
Tyrese Maxey,PHI,23,2-Jun,200,Kentucky,USA,2020,1,21,25,25.8,4,6.7,13.8,1.7,8.7,25.4,59.7,26.5,6-2,74
Tyus Jones,WAS,27,1-Jun,196,Duke,USA,2015,1,24,25,11.6,3.1,5.3,-13.8,0.8,10,15.8,59.3,25.4,6-1,73
Udoka Azubuike,PHX,24,11-Jun,270,Kansas,Nigeria,2020,1,27,2,1,2,0,-45,0,40,4.8,100,0,6-11,83
Vasilije Micic,OKC,29,3-Jun,188,None,Serbia,2014,2,52,9,3.2,0.6,3,16.8,0,4.3,16,45.8,28.7,6-3,75
Victor Wembanyama,SAS,19,4-Jul,210,None,France,2023,1,1,24,19,11,2.7,-9.4,7.4,27.3,28.3,52.3,14.1,7-4,88
Vince Williams Jr.,MEM,23,4-Jun,205,Virginia Commonwealth,USA,2022,2,47,16,5.6,4.1,1.3,5.8,3.7,19,11.9,65.3,9.6,6-4,76
Walker Kessler,UTA,22,Jul-00,245,Auburn,USA,2022,1,22,18,8.6,8.1,1,-11.7,11.6,18.7,14.4,57.7,6.3,7-1,85
Wendell Carter Jr.,ORL,24,10-Jun,270,Duke,USA,2018,1,7,5,9.4,8.6,1.6,-1.3,6.7,22.2,16.8,45.9,8.3,6-10,82
Wendell Moore Jr.,MIN,22,5-Jun,215,Duke,USA,2022,1,26,5,0,0.2,0.2,-26.1,0,6.7,6.7,0,10,6-5,77
Wesley Matthews,ATL,37,5-Jun,220,Marquette,USA,Undrafted,Undrafted,Undrafted,14,2.6,1.4,0.7,-8.7,2,9.3,11,44.6,7.8,6-5,77
Xavier Moon,LAC,28,Jun-00,165,Morehead State,USA,Undrafted,Undrafted,Undrafted,2,1,1,1.5,-60.6,0,18.2,11.1,50,42.9,6-1,73
Xavier Tillman,MEM,24,7-Jun,245,Michigan State,USA,2020,2,35,12,7.1,4.3,1.7,-9.2,6.2,14.4,17.6,45.6,12.4,6-7,79
Yuta Watanabe,PHX,29,9-Jun,215,George Washington,Japan,Undrafted,Undrafted,Undrafted,19,4.6,2.1,0.5,-1.2,2.9,8.1,12.7,51.3,4,6-9,81
Zach Collins,SAS,26,11-Jun,250,Gonzaga,USA,2017,1,10,25,12.7,6,3.4,-9.8,7.3,14.6,21.3,57,19.1,6-11,83
Zach LaVine,CHI,28,5-Jun,200,UCLA,USA,2014,1,13,18,21,4.9,3.4,-7.7,0.9,13,25.4,56.6,15.6,6-5,77
Zeke Nnaji,DEN,22,9-Jun,240,Arizona,USA,2020,1,22,21,3.7,2.4,0.5,-14.5,11.3,10.4,15,57.6,7,6-9,81
Ziaire Williams,MEM,22,9-Jun,185,Stanford,USA,2021,1,10,22,7.4,4,1.3,-14.5,2.7,16.3,17.6,50,10.8,6-9,81
Zion Williamson,NOP,23,6-Jun,284,Duke,USA,2019,1,1,22,22.5,5.9,4.6,1.4,6.6,11.8,27.5,,,6-6,78